Reporter Name,Reporter Code,Partner Name,Partner Code,Sector,Sector Code,2009 [YR2009],2010 [YR2010],2011 [YR2011],2012 [YR2012],2013 [YR2013],2014 [YR2014],2015 [YR2015],2016 [YR2016],2017 [YR2017],2018 [YR2018]
Austria,AUT,Afghanistan,AFG,Agriculture,AB,..,..,..,..,..,..,..,..,..,..
Austria,AUT,Afghanistan,AFG,Manufacturing,D,..,..,..,..,..,..,347.39158,..,..,..
Austria,AUT,Afghanistan,AFG,Total Trade,GTT,..,..,..,..,..,..,370.2212,..,..,..
Austria,AUT,Albania,ALB,Agriculture,AB,285.14229,270.36385,265.54875,278.27171,275.76136,317.72695,277.09996,269.92101,274.33376,268.15032
Austria,AUT,Albania,ALB,Manufacturing,D,147.40284,134.95858,125.09777,126.44245,137.58833,210.61954,121.81929,136.51372,209.68123,199.75417
Austria,AUT,Albania,ALB,Total Trade,GTT,167.26881,155.13083,144.61225,147.02164,162.32908,236.525,148.0014,168.49415,218.38977,213.63513
Austria,AUT,Algeria,DZA,Agriculture,AB,..,316.84025,351.44685,386.05344,420.66003,455.26662,509.71373,564.16083,618.60794,..
Austria,AUT,Algeria,DZA,Manufacturing,D,299.81478,287.45753,290.61437,293.7712,124.1514,283.3654,237.68413,220.6343,246.08983,..
Austria,AUT,Algeria,DZA,Total Trade,GTT,330.68093,307.65481,326.91588,346.17694,148.90044,346.19138,270.45217,249.57826,279.97767,..
Austria,AUT,American Samoa,ASM,Agriculture,AB,..,..,..,..,..,..,..,..,..,..
Austria,AUT,American Samoa,ASM,Manufacturing,D,..,..,..,..,..,..,..,..,..,..
Austria,AUT,American Samoa,ASM,Total Trade,GTT,..,..,..,..,..,..,..,..,..,..
Austria,AUT,Andorra,AND,Agriculture,AB,..,..,..,..,..,..,..,..,..,..
Austria,AUT,Andorra,AND,Manufacturing,D,291.73849,299.76417,244.1982,245.67863,226.46614,244.88284,255.88801,239.31373,234.02338,..
Austria,AUT,Andorra,AND,Total Trade,GTT,295.66621,304.67524,249.09986,250.76181,231.12695,249.28927,260.07207,243.4982,238.69372,..
Austria,AUT,Angola,AGO,Agriculture,AB,1048.2671,1079.9469,1111.6268,1143.3067,1174.9866,1206.6664,1159.4549,1112.2433,..,..
Austria,AUT,Angola,AGO,Manufacturing,D,281.0113,337.57247,298.62193,327.3564,288.0902,304.73508,387.96008,330.22249,246.88395,..
Austria,AUT,Angola,AGO,Total Trade,GTT,304.71817,360.50812,326.17139,356.93487,314.32547,331.05545,421.56185,358.11728,270.3952,..
Austria,AUT,Anguilla,AIA,Agriculture,AB,..,..,..,..,..,..,..,..,..,..
Austria,AUT,Anguilla,AIA,Manufacturing,D,..,..,..,..,..,..,..,..,..,..
Austria,AUT,Anguilla,AIA,Total Trade,GTT,..,..,..,..,..,..,..,..,..,..
Austria,AUT,Antigua and Barbuda,ATG,Agriculture,AB,..,..,..,..,..,..,..,..,..,..
Austria,AUT,Antigua and Barbuda,ATG,Manufacturing,D,..,..,..,..,..,..,..,..,..,..
Austria,AUT,Antigua and Barbuda,ATG,Total Trade,GTT,..,..,..,..,..,..,..,..,..,..
Austria,AUT,Argentina,ARG,Agriculture,AB,503.11893,664.50747,595.32855,526.14963,496.99449,467.83936,438.68422,459.44197,651.49383,541.93413
Austria,AUT,Argentina,ARG,Manufacturing,D,220.84023,211.68209,213.38961,208.61069,218.11084,216.61077,212.69081,220.18204,218.96109,230.5974
Austria,AUT,Argentina,ARG,Total Trade,GTT,226.29967,218.45736,219.61362,212.81214,223.92116,223.01945,217.55523,225.67892,222.60696,236.42924
Austria,AUT,Armenia,ARM,Agriculture,AB,294.85333,367.26126,364.94566,446.30417,403.41665,452.70552,590.83854,..,..,..
Austria,AUT,Armenia,ARM,Manufacturing,D,257.68271,261.92237,257.91964,184.52491,178.31838,184.8255,204.07904,226.43864,212.38125,181.61467
Austria,AUT,Armenia,ARM,Total Trade,GTT,259.78084,263.54679,274.75752,202.89872,195.94574,203.06351,223.4577,244.87044,230.0955,196.13324
Austria,AUT,Aruba,ABW,Agriculture,AB,..,..,..,..,..,..,..,..,..,..
Austria,AUT,Aruba,ABW,Manufacturing,D,513.45249,..,..,..,..,..,..,..,..,..
Austria,AUT,Aruba,ABW,Total Trade,GTT,521.75835,..,..,..,..,..,..,..,..,..
Austria,AUT,Australia,AUS,Agriculture,AB,451.10977,375.576,490.16618,456.87183,376.99888,410.32433,387.98578,421.03414,427.84858,448.33382
Austria,AUT,Australia,AUS,Manufacturing,D,167.37889,151.79201,148.95462,152.25472,150.97078,149.56307,152.62181,157.44313,158.49475,152.96961
Austria,AUT,Australia,AUS,Total Trade,GTT,170.86183,155.6555,153.13911,156.21242,154.97716,153.65966,156.7431,161.87974,163.79041,158.23429
Austria,AUT,Austria,AUT,Agriculture,AB,..,..,..,..,..,..,..,..,..,..
Austria,AUT,Austria,AUT,Manufacturing,D,..,..,..,..,..,..,..,..,..,..
Austria,AUT,Austria,AUT,Total Trade,GTT,..,..,..,..,..,..,..,..,..,..
Austria,AUT,Azerbaijan,AZE,Agriculture,AB,348.2921,366.32486,384.35762,402.39037,350.75364,299.11692,235.36003,227.85787,..,..
Austria,AUT,Azerbaijan,AZE,Manufacturing,D,164.64609,204.17326,167.67189,177.78085,185.13632,185.45321,207.18495,235.24517,199.61563,204.9776
Austria,AUT,Azerbaijan,AZE,Total Trade,GTT,181.61212,221.54377,184.35806,194.32288,201.43107,194.49336,213.08491,236.05141,210.73319,215.46789
Austria,AUT,"Bahamas, The",BHS,Agriculture,AB,..,..,..,..,..,..,..,..,..,..
Austria,AUT,"Bahamas, The",BHS,Manufacturing,D,..,..,..,..,..,..,..,..,..,..
Austria,AUT,"Bahamas, The",BHS,Total Trade,GTT,..,..,..,..,..,..,..,..,..,..
Austria,AUT,Bahrain,BHR,Agriculture,AB,..,..,..,..,..,..,..,..,..,..
Austria,AUT,Bahrain,BHR,Manufacturing,D,319.47286,273.20643,285.12532,214.84296,218.40635,181.29232,170.384,194.72097,214.09688,213.27532
Austria,AUT,Bahrain,BHR,Total Trade,GTT,321.80031,276.40722,289.39417,217.06188,220.73769,183.22978,172.02683,196.35041,216.11195,215.37609
Austria,AUT,Bangladesh,BGD,Agriculture,AB,765.50358,724.61533,683.72707,642.83882,601.95057,561.06231,520.17406,..,..,..
Austria,AUT,Bangladesh,BGD,Manufacturing,D,183.24609,182.56633,180.01793,166.024,182.34402,183.03179,183.71955,..,..,..
Austria,AUT,Bangladesh,BGD,Total Trade,GTT,195.0247,195.32855,193.43843,178.07395,193.49622,193.93639,194.37656,..,..,..
Austria,AUT,Barbados,BRB,Agriculture,AB,..,..,..,..,..,..,..,..,..,..
Austria,AUT,Barbados,BRB,Manufacturing,D,424.92512,341.90125,351.83653,362.08218,637.57416,751.93696,456.65567,430.91657,..,..
Austria,AUT,Barbados,BRB,Total Trade,GTT,431.62932,349.22388,359.23463,370.0049,649.93801,766.34994,465.37516,440.8271,..,..
Austria,AUT,Belarus,BLR,Agriculture,AB,365.95541,293.19743,306.92239,306.89632,250.60755,264.32175,285.74132,237.67435,268.9656,262.74105
Austria,AUT,Belarus,BLR,Manufacturing,D,159.9258,151.73512,152.04937,156.69457,147.4366,151.91315,153.60577,158.98776,152.97168,142.63502
Austria,AUT,Belarus,BLR,Total Trade,GTT,167.77207,158.99121,159.36236,164.42631,154.08755,159.85577,162.05632,165.31909,161.4248,152.0304
Austria,AUT,Belgium,BEL,Agriculture,AB,105.62459,127.2643,110.6878,116.30455,101.27398,101.45512,97.755253,90.194583,96.030913,..
Austria,AUT,Belgium,BEL,Manufacturing,D,70.068393,62.159769,51.056463,53.652905,52.826538,52.000172,57.688901,55.572289,51.7022,..
Austria,AUT,Belgium,BEL,Total Trade,GTT,70.780958,63.631334,52.673852,55.624861,54.409044,53.193228,58.542502,56.288234,52.758295,..
Austria,AUT,Belize,BLZ,Agriculture,AB,..,..,..,..,..,..,..,..,..,..
Austria,AUT,Belize,BLZ,Manufacturing,D,..,..,..,..,..,..,..,..,..,..
Austria,AUT,Belize,BLZ,Total Trade,GTT,360.1564,345.21047,330.26455,315.31862,300.3727,285.42677,272.6913,..,..,..
Austria,AUT,Benin,BEN,Agriculture,AB,..,..,..,..,..,..,..,..,1263.8757,..
Austria,AUT,Benin,BEN,Manufacturing,D,..,..,..,..,386.90675,365.16482,343.42289,361.5838,345.19727,328.81074
Austria,AUT,Benin,BEN,Total Trade,GTT,..,..,..,..,409.83007,386.51479,363.19951,393.76563,570.34695,360.64774
Austria,AUT,Bermuda,BMU,Agriculture,AB,..,..,..,..,..,..,..,..,..,..
Austria,AUT,Bermuda,BMU,Manufacturing,D,..,..,..,..,..,..,..,..,484.0926,..
Austria,AUT,Bermuda,BMU,Total Trade,GTT,..,..,..,..,..,..,..,..,512.04179,..
Austria,AUT,Bhutan,BTN,Agriculture,AB,..,..,..,..,..,..,..,..,..,..
Austria,AUT,Bhutan,BTN,Manufacturing,D,369.39629,404.43836,439.48043,..,..,..,..,..,..,..
Austria,AUT,Bhutan,BTN,Total Trade,GTT,428.21594,455.39911,482.58228,..,..,..,..,..,..,..
Austria,AUT,Bolivia,BOL,Agriculture,AB,410.82724,482.5677,459.80366,437.03961,431.82962,397.75468,399.20624,499.63743,..,..
Austria,AUT,Bolivia,BOL,Manufacturing,D,328.03981,281.56324,277.7543,291.95255,274.98777,255.80158,288.89438,270.82118,241.68086,250.988
Austria,AUT,Bolivia,BOL,Total Trade,GTT,324.34949,291.79457,291.01088,297.82493,276.30808,252.86331,279.14614,278.77133,256.60426,266.93488
Austria,AUT,Bosnia and Herzegovina,BIH,Agriculture,AB,164.13834,175.30848,184.28868,166.95011,164.9986,159.99406,150.69679,159.33298,165.96745,166.30582
Austria,AUT,Bosnia and Herzegovina,BIH,Manufacturing,D,82.198252,76.599659,72.435081,63.961543,63.183693,60.577224,65.59016,67.589685,62.214457,57.48366
Austria,AUT,Bosnia and Herzegovina,BIH,Total Trade,GTT,90.390325,84.28029,79.64807,72.689247,72.01771,69.229306,73.157995,74.674634,69.275517,65.679799
Austria,AUT,Botswana,BWA,Agriculture,AB,..,..,..,..,..,..,..,..,..,..
Austria,AUT,Botswana,BWA,Manufacturing,D,500.04587,327.39935,354.23089,628.94675,413.88919,516.37052,440.03749,423.1343,466.3711,330.34641
Austria,AUT,Botswana,BWA,Total Trade,GTT,506.72917,339.0568,367.46878,429.00674,427.6424,434.48812,450.91659,433.12948,477.07475,338.81132
Austria,AUT,Brazil,BRA,Agriculture,AB,332.28387,340.25536,324.55596,336.86229,330.68841,311.53951,292.06062,322.39038,329.63463,330.57131
Austria,AUT,Brazil,BRA,Manufacturing,D,161.49329,161.09106,151.26483,164.02729,163.47562,161.90855,157.79185,167.81635,155.25367,140.27675
Austria,AUT,Brazil,BRA,Total Trade,GTT,164.80456,164.74545,155.29864,167.3865,167.68634,166.0646,159.89276,172.16466,159.53514,144.62811
Austria,AUT,Brunei Darussalam,BRN,Agriculture,AB,..,..,..,..,..,..,..,..,..,..
Austria,AUT,Brunei Darussalam,BRN,Manufacturing,D,693.09523,681.49984,594.56851,511.51378,672.43064,810.57203,391.29194,477.58397,393.89347,..
Austria,AUT,Brunei Darussalam,BRN,Total Trade,GTT,698.55174,688.45416,600.92508,516.63201,678.80672,818.5982,395.85906,482.7964,398.41252,..
Austria,AUT,Bulgaria,BGR,Agriculture,AB,144.87797,141.43963,128.57625,136.17218,119.1798,116.96004,121.75337,115.25805,119.60974,108.51476
Austria,AUT,Bulgaria,BGR,Manufacturing,D,88.656831,81.710511,62.394825,63.29527,33.950821,51.869348,58.387181,65.45752,55.785186,48.035602
Austria,AUT,Bulgaria,BGR,Total Trade,GTT,92.589132,86.064055,68.068105,69.556709,53.903314,61.991003,65.256261,69.062245,62.751612,56.641957
Austria,AUT,Burkina Faso,BFA,Agriculture,AB,..,..,..,..,803.7314,668.12937,620.18351,666.58213,607.4891,548.39606
Austria,AUT,Burkina Faso,BFA,Manufacturing,D,504.87112,462.92361,420.97611,379.0286,337.08109,578.89757,403.33064,..,..,..
Austria,AUT,Burkina Faso,BFA,Total Trade,GTT,419.73934,409.64437,399.54939,389.45441,379.35944,447.41224,381.66879,365.32769,455.72755,372.71168
Austria,AUT,Burundi,BDI,Agriculture,AB,..,..,..,..,..,..,..,..,..,..
Austria,AUT,Burundi,BDI,Manufacturing,D,..,..,..,..,..,..,..,..,..,..
Austria,AUT,Burundi,BDI,Total Trade,GTT,..,..,..,..,..,..,..,..,..,..
Austria,AUT,Cabo Verde,CPV,Agriculture,AB,..,..,..,..,..,..,..,..,..,..
Austria,AUT,Cabo Verde,CPV,Manufacturing,D,565.50474,..,..,..,..,..,..,..,..,..
Austria,AUT,Cabo Verde,CPV,Total Trade,GTT,604.66272,..,..,..,..,..,..,..,..,..
Austria,AUT,Cambodia,KHM,Agriculture,AB,..,..,..,..,..,..,..,..,..,..
Austria,AUT,Cambodia,KHM,Manufacturing,D,198.19746,163.52863,165.52781,199.73096,183.47023,191.50759,188.71226,147.84437,171.95883,124.33799
Austria,AUT,Cambodia,KHM,Total Trade,GTT,263.98264,247.83324,253.6023,240.58638,223.73303,227.97746,229.52472,193.9535,222.10846,184.68446
Austria,AUT,Cameroon,CMR,Agriculture,AB,..,1165.8757,..,..,..,..,..,..,..,..
Austria,AUT,Cameroon,CMR,Manufacturing,D,479.76884,506.17818,532.58751,558.99685,585.40619,609.35281,633.29944,657.24607,595.8375,..
Austria,AUT,Cameroon,CMR,Total Trade,GTT,555.89873,609.68369,624.8404,616.95145,609.06251,472.72698,336.39145,684.9392,617.99921,..
Austria,AUT,Canada,CAN,Agriculture,AB,293.79598,328.03116,323.47922,365.65038,305.42175,285.39113,334.97058,..,..,..
Austria,AUT,Canada,CAN,Manufacturing,D,133.14579,127.17968,125.44275,128.72378,120.69359,128.55761,127.7532,..,..,..
Austria,AUT,Canada,CAN,Total Trade,GTT,134.66723,129.47479,128.31454,131.3917,123.12229,130.39043,130.03659,..,..,..
Austria,AUT,Cayman Islands,CYM,Agriculture,AB,..,..,..,..,..,..,..,..,..,..
Austria,AUT,Cayman Islands,CYM,Manufacturing,D,..,..,..,..,..,..,..,..,..,..
Austria,AUT,Cayman Islands,CYM,Total Trade,GTT,..,..,..,..,..,..,..,..,..,..
Austria,AUT,Central African Republic,CAF,Agriculture,AB,..,..,..,..,..,..,..,..,..,..
Austria,AUT,Central African Republic,CAF,Manufacturing,D,..,..,537.46883,502.75288,468.03692,433.32097,398.60502,352.01044,410.62033,..
Austria,AUT,Central African Republic,CAF,Total Trade,GTT,..,..,574.33657,519.25898,464.18139,409.1038,361.93433,285.95564,321.30229,..
Austria,AUT,Chad,TCD,Agriculture,AB,713.8448,..,..,..,..,..,..,..,..,..
Austria,AUT,Chad,TCD,Manufacturing,D,389.97325,296.58774,527.83909,343.4636,348.60969,281.31567,300.57459,250.88287,337.86568,..
Austria,AUT,Chad,TCD,Total Trade,GTT,411.21277,334.82368,573.26144,376.72166,380.48074,308.55273,325.9956,265.30256,344.50737,344.13194
Austria,AUT,Chile,CHL,Agriculture,AB,284.14857,308.01103,316.68107,339.83306,294.79464,246.32654,276.10379,310.45129,276.74711,230.11468
Austria,AUT,Chile,CHL,Manufacturing,D,209.14488,144.40417,148.48493,156.31803,153.64148,149.45997,159.8316,155.59381,148.6564,141.2301
Austria,AUT,Chile,CHL,Total Trade,GTT,200.83817,150.50303,154.44784,161.65546,156.28617,153.31437,161.33475,158.41757,151.59525,143.24611
Austria,AUT,China,CHN,Agriculture,AB,408.86024,365.44993,379.21782,422.05592,388.35319,383.33533,394.78112,376.09781,388.6013,405.70256
Austria,AUT,China,CHN,Manufacturing,D,132.74028,121.39852,121.79483,126.97771,126.74539,124.04066,126.00276,128.71713,125.31761,121.77074
Austria,AUT,China,CHN,Total Trade,GTT,136.70914,125.69198,126.19677,131.17162,130.89449,128.01208,129.79663,132.44322,129.00818,125.39925
Austria,AUT,Colombia,COL,Agriculture,AB,373.87093,342.39918,373.71196,381.53595,380.66568,443.68116,400.59996,371.96333,400.73693,..
Austria,AUT,Colombia,COL,Manufacturing,D,269.71372,283.99577,257.00342,272.02594,257.02252,268.44953,250.42559,266.80714,303.20526,244.82149
Austria,AUT,Colombia,COL,Total Trade,GTT,268.35404,270.55746,256.0394,267.73373,256.37304,264.99511,250.6766,263.5465,279.04785,245.75446
Austria,AUT,Comoros,COM,Agriculture,AB,..,..,..,..,..,..,..,..,..,..
Austria,AUT,Comoros,COM,Manufacturing,D,..,..,..,..,..,..,..,..,..,..
Austria,AUT,Comoros,COM,Total Trade,GTT,..,..,..,..,..,..,..,..,..,..
Austria,AUT,"Congo, Dem. Rep.",COD,Agriculture,AB,759.95267,845.34201,985.70577,877.19002,883.68873,934.83856,841.13238,847.71322,826.05074,..
Austria,AUT,"Congo, Dem. Rep.",COD,Manufacturing,D,377.9428,329.0651,300.9488,344.64022,313.30325,330.42591,341.08849,325.16256,389.55469,277.40154
Austria,AUT,"Congo, Dem. Rep.",COD,Total Trade,GTT,395.42458,352.20291,323.52282,368.49842,334.06238,351.24526,359.29802,341.98504,409.72801,295.52375
Austria,AUT,"Congo, Rep.",COG,Agriculture,AB,..,..,..,..,..,..,..,..,..,..
Austria,AUT,"Congo, Rep.",COG,Manufacturing,D,..,..,..,..,..,..,..,..,..,..
Austria,AUT,"Congo, Rep.",COG,Total Trade,GTT,..,..,..,..,..,..,..,..,..,..
Austria,AUT,Cook Island,COK,Agriculture,AB,..,..,..,..,..,..,..,..,..,..
Austria,AUT,Cook Island,COK,Manufacturing,D,..,..,..,..,..,..,..,..,..,..
Austria,AUT,Cook Island,COK,Total Trade,GTT,..,..,..,..,..,..,..,..,..,..
Austria,AUT,Costa Rica,CRI,Agriculture,AB,314.90244,395.64913,362.29259,406.66627,451.03995,495.41363,497.91031,500.407,470.93077,441.45454
Austria,AUT,Costa Rica,CRI,Manufacturing,D,275.03816,288.20826,296.17467,287.92453,294.67988,257.41926,305.59804,276.76225,300.18227,306.05885
Austria,AUT,Costa Rica,CRI,Total Trade,GTT,247.99213,288.10418,291.67455,295.45383,302.43094,262.81078,311.84276,282.30323,306.01749,309.71778
Austria,AUT,Côte d'Ivoire,CIV,Agriculture,AB,..,..,..,..,..,..,..,..,..,..
Austria,AUT,Côte d'Ivoire,CIV,Manufacturing,D,339.8892,341.71122,341.03952,335.65511,347.41326,329.1397,344.89537,328.62338,329.29035,264.63096
Austria,AUT,Côte d'Ivoire,CIV,Total Trade,GTT,364.21765,372.10882,369.33989,358.48422,338.10299,346.10413,362.69141,350.36506,349.85872,280.14876
Austria,AUT,Croatia,HRV,Agriculture,AB,136.40333,137.88941,136.99995,138.07136,119.959,109.85567,102.3345,101.74602,99.777144,98.331105
Austria,AUT,Croatia,HRV,Manufacturing,D,75.91552,69.205505,67.304567,67.867144,66.131217,64.054824,60.577021,61.552562,58.522679,54.563887
Austria,AUT,Croatia,HRV,Total Trade,GTT,78.69636,72.447072,70.552787,70.640368,68.889138,66.374246,62.737015,63.727582,60.872046,57.143882
Austria,AUT,Cuba,CUB,Agriculture,AB,..,..,..,..,..,..,..,..,..,..
Austria,AUT,Cuba,CUB,Manufacturing,D,..,..,..,..,..,..,..,..,..,..
Austria,AUT,Cuba,CUB,Total Trade,GTT,..,..,..,..,..,..,..,..,..,..
Austria,AUT,Cyprus,CYP,Agriculture,AB,228.95791,214.83114,241.02395,218.42991,192.60855,212.683,208.81752,212.57865,222.98684,206.13712
Austria,AUT,Cyprus,CYP,Manufacturing,D,168.00824,152.31761,149.40055,148.77072,129.67994,145.43739,148.7078,150.72962,144.00848,134.90673
Austria,AUT,Cyprus,CYP,Total Trade,GTT,165.80371,151.48559,149.52929,149.93597,130.90082,147.26306,151.12165,153.92587,147.75784,139.77177
Austria,AUT,Czech Republic,CZE,Agriculture,AB,70.846379,71.471914,72.829945,73.830613,71.995089,70.72456,64.871354,65.168523,64.929053,68.056312
Austria,AUT,Czech Republic,CZE,Manufacturing,D,48.867418,38.314098,30.151709,29.558902,22.388423,18.085881,20.24036,2.5462779,..,..
Austria,AUT,Czech Republic,CZE,Total Trade,GTT,49.670669,39.837807,33.363806,33.32486,28.495194,26.3431,26.581878,20.957101,9.2317542,..
Austria,AUT,Denmark,DNK,Agriculture,AB,120.56504,137.93792,138.99957,143.40309,123.56527,135.1412,125.99463,116.84806,151.17384,128.75695
Austria,AUT,Denmark,DNK,Manufacturing,D,97.497894,90.755235,87.546038,91.418026,92.082252,91.10623,94.29402,95.982434,93.146087,89.856157
Austria,AUT,Denmark,DNK,Total Trade,GTT,97.716746,92.015058,89.268355,93.082624,92.884551,92.337125,94.697096,96.539471,94.448284,90.814863
Austria,AUT,Djibouti,DJI,Agriculture,AB,..,..,..,..,..,..,..,..,..,..
Austria,AUT,Djibouti,DJI,Manufacturing,D,..,..,..,..,..,..,..,..,..,..
Austria,AUT,Djibouti,DJI,Total Trade,GTT,..,..,..,..,..,..,..,..,..,..
Austria,AUT,Dominica,DMA,Agriculture,AB,..,..,..,..,..,..,..,..,..,..
Austria,AUT,Dominica,DMA,Manufacturing,D,..,..,..,..,..,..,..,..,..,..
Austria,AUT,Dominica,DMA,Total Trade,GTT,..,..,..,..,..,..,..,..,..,..
Austria,AUT,Dominican Republic,DOM,Agriculture,AB,..,492.82889,563.41076,633.99263,704.57449,775.15636,..,..,..,..
Austria,AUT,Dominican Republic,DOM,Manufacturing,D,264.46587,264.9609,292.85411,330.19576,335.54851,341.22382,327.96767,331.87375,306.78783,..
Austria,AUT,Dominican Republic,DOM,Total Trade,GTT,271.33009,271.25279,301.18687,335.03169,340.29554,341.24068,334.0818,339.94455,315.08437,..
Austria,AUT,Ecuador,ECU,Agriculture,AB,461.60257,421.17732,335.58298,363.43739,389.14283,333.19502,342.23241,370.33422,487.6047,524.77435
Austria,AUT,Ecuador,ECU,Manufacturing,D,296.85222,291.81915,323.35966,291.64762,318.65979,320.7423,333.30169,360.31739,329.54379,304.02755
Austria,AUT,Ecuador,ECU,Total Trade,GTT,261.02945,223.49033,256.12117,248.3109,250.90246,256.98261,248.0981,288.76072,313.46981,293.27648
Austria,AUT,"Egypt, Arab Rep.",EGY,Agriculture,AB,350.6532,345.58176,313.95213,282.67491,302.58662,237.32483,226.27548,231.92512,281.68661,250.60785
Austria,AUT,"Egypt, Arab Rep.",EGY,Manufacturing,D,194.7055,156.22787,174.7569,190.0136,191.84946,187.58983,193.94508,203.62784,196.33419,184.14482
Austria,AUT,"Egypt, Arab Rep.",EGY,Total Trade,GTT,200.42509,164.08977,183.1243,196.32281,199.2469,193.51797,197.46174,205.60487,198.11433,189.22126
Austria,AUT,El Salvador,SLV,Agriculture,AB,..,..,..,..,..,..,..,..,..,..
Austria,AUT,El Salvador,SLV,Manufacturing,D,335.10298,315.73109,298.72088,323.59359,315.90302,604.46732,308.32382,330.29623,317.39958,337.68854
Austria,AUT,El Salvador,SLV,Total Trade,GTT,344.68055,326.88196,302.5942,331.32923,323.67266,616.46866,312.61671,327.04983,289.38586,277.17266
Austria,AUT,Equatorial Guinea,GNQ,Agriculture,AB,..,..,..,643.24974,..,..,..,..,..,..
Austria,AUT,Equatorial Guinea,GNQ,Manufacturing,D,509.11651,642.29927,616.87836,764.19738,317.24147,403.40911,481.72165,693.78696,411.21406,..
Austria,AUT,Equatorial Guinea,GNQ,Total Trade,GTT,514.5586,648.74362,623.54396,619.04242,321.20588,407.59439,486.6794,699.14865,414.81352,..
Austria,AUT,Eritrea,ERI,Agriculture,AB,..,..,..,..,..,..,..,..,..,..
Austria,AUT,Eritrea,ERI,Manufacturing,D,..,..,..,..,..,..,..,..,..,..
Austria,AUT,Eritrea,ERI,Total Trade,GTT,..,..,..,..,..,..,..,..,..,..
Austria,AUT,Estonia,EST,Agriculture,AB,273.10915,273.09171,328.25635,341.46293,319.88087,270.33741,283.37807,224.90143,257.75023,289.98212
Austria,AUT,Estonia,EST,Manufacturing,D,..,..,..,..,..,..,..,..,..,..
Austria,AUT,Estonia,EST,Total Trade,GTT,86.208212,66.799609,..,..,..,..,..,..,..,..
Austria,AUT,Ethiopia,ETH,Agriculture,AB,1184.8067,1235.206,828.30042,821.56602,814.83162,808.09722,801.36282,794.62842,787.89402,..
Austria,AUT,Ethiopia,ETH,Manufacturing,D,285.32625,316.6721,373.56612,308.52911,239.11959,292.92645,301.16491,317.42544,324.01994,339.15118
Austria,AUT,Ethiopia,ETH,Total Trade,GTT,345.82407,381.5852,368.81867,349.55167,290.5434,346.50019,353.46798,351.15698,366.87575,372.07832
Austria,AUT,Faeroe Islands,FRO,Agriculture,AB,..,..,..,..,..,..,..,..,..,..
Austria,AUT,Faeroe Islands,FRO,Manufacturing,D,336.51698,..,..,..,..,..,..,..,..,..
Austria,AUT,Faeroe Islands,FRO,Total Trade,GTT,367.31545,..,..,..,..,..,..,..,..,..
Austria,AUT,Fiji,FJI,Agriculture,AB,..,..,..,..,..,..,..,..,..,..
Austria,AUT,Fiji,FJI,Manufacturing,D,338.53609,373.05569,395.9811,407.20351,405.07554,343.43637,353.81823,390.64037,358.326,340.42415
Austria,AUT,Fiji,FJI,Total Trade,GTT,355.12311,392.30609,415.54367,427.76707,425.17562,359.90197,359.81851,410.91304,378.61166,360.60226
Austria,AUT,Finland,FIN,Agriculture,AB,312.63741,266.46109,266.3256,249.10582,223.88811,259.6431,264.91405,266.68787,330.46407,301.28948
Austria,AUT,Finland,FIN,Manufacturing,D,113.90168,106.87455,105.93425,104.96535,106.03893,106.76146,109.89628,108.79716,105.7798,100.30061
Austria,AUT,Finland,FIN,Total Trade,GTT,116.37542,109.90281,109.18723,108.27323,109.2053,110.03348,112.66883,111.62134,108.78218,103.51943
Austria,AUT,France,FRA,Agriculture,AB,126.63276,144.18984,138.86507,146.99837,129.04144,131.65045,134.67233,122.94402,130.36958,129.0445
Austria,AUT,France,FRA,Manufacturing,D,79.120017,70.694947,67.41776,68.377724,67.57302,66.638915,69.190102,70.079583,64.085734,61.947286
Austria,AUT,France,FRA,Total Trade,GTT,80.551269,72.977155,69.791127,70.654135,69.432473,68.641365,71.085137,71.79978,66.264663,64.430485
Austria,AUT,French Polynesia,PYF,Agriculture,AB,..,..,..,..,..,..,..,..,..,..
Austria,AUT,French Polynesia,PYF,Manufacturing,D,..,..,..,..,..,..,..,..,..,..
Austria,AUT,French Polynesia,PYF,Total Trade,GTT,..,..,..,..,..,..,..,..,..,..
Austria,AUT,Gabon,GAB,Agriculture,AB,..,..,..,..,..,..,..,..,..,..
Austria,AUT,Gabon,GAB,Manufacturing,D,396.93519,..,..,..,..,..,..,..,..,..
Austria,AUT,Gabon,GAB,Total Trade,GTT,402.20666,..,..,..,..,..,..,..,..,..
Austria,AUT,"Gambia, The",GMB,Agriculture,AB,..,..,..,..,..,..,..,..,..,..
Austria,AUT,"Gambia, The",GMB,Manufacturing,D,463.77615,463.22734,462.67853,462.12971,461.5809,461.03209,..,..,..,..
Austria,AUT,"Gambia, The",GMB,Total Trade,GTT,516.0485,514.26749,512.48648,510.70547,508.92446,507.14346,..,..,..,..
Austria,AUT,Georgia,GEO,Agriculture,AB,255.29192,282.23736,261.36727,311.58646,281.97626,193.41463,255.69077,332.62054,303.60112,213.951
Austria,AUT,Georgia,GEO,Manufacturing,D,228.29606,212.44566,225.00245,214.73045,230.07824,207.43058,185.00394,201.49449,164.49529,150.98159
Austria,AUT,Georgia,GEO,Total Trade,GTT,220.63574,214.68965,212.27619,222.38289,224.38308,181.89199,190.58771,211.07929,172.89741,156.10434
Austria,AUT,Germany,DEU,Agriculture,AB,59.036908,60.118839,60.695683,58.747839,57.867159,58.857314,53.078412,52.551583,56.885162,54.578872
Austria,AUT,Germany,DEU,Manufacturing,D,33.6666,29.855084,28.000847,29.894747,29.238246,29.73193,30.14297,30.548869,28.406946,26.228005
Austria,AUT,Germany,DEU,Total Trade,GTT,34.272391,30.7162,29.021504,30.750156,30.091248,30.552627,30.764362,31.135101,29.202765,27.033158
Austria,AUT,Ghana,GHA,Agriculture,AB,1039.915,1065.4415,1090.9681,1116.4947,1142.0213,1058.0028,973.98427,889.96574,805.94721,721.92868
Austria,AUT,Ghana,GHA,Manufacturing,D,319.46448,318.62538,319.39581,320.16624,320.93667,321.28815,321.63962,321.9911,282.88915,272.83544
Austria,AUT,Ghana,GHA,Total Trade,GTT,381.22847,381.45095,303.84362,274.2642,347.10575,347.47777,347.84979,348.22181,308.98413,297.2963
Austria,AUT,Gibraltar,GIB,Agriculture,AB,..,..,..,..,..,..,..,..,..,..
Austria,AUT,Gibraltar,GIB,Manufacturing,D,..,..,..,..,..,..,..,..,..,..
Austria,AUT,Gibraltar,GIB,Total Trade,GTT,..,..,..,..,..,..,..,..,..,..
Austria,AUT,Greece,GRC,Agriculture,AB,164.67711,162.00668,172.80914,174.99398,164.40851,155.98949,153.46201,148.21369,155.86585,153.96166
Austria,AUT,Greece,GRC,Manufacturing,D,117.60418,110.33076,107.73154,112.80146,108.63559,109.27535,112.99463,111.951,107.25481,101.43458
Austria,AUT,Greece,GRC,Total Trade,GTT,119.97713,113.58879,111.70932,116.70613,112.23641,112.98609,116.72183,114.80917,110.85791,105.64788
Austria,AUT,Greenland,GRL,Agriculture,AB,..,..,..,..,..,..,..,..,..,..
Austria,AUT,Greenland,GRL,Manufacturing,D,..,..,..,..,..,..,..,..,..,..
Austria,AUT,Greenland,GRL,Total Trade,GTT,..,..,..,..,..,..,..,..,..,..
Austria,AUT,Grenada,GRD,Agriculture,AB,..,..,..,..,..,..,..,..,..,..
Austria,AUT,Grenada,GRD,Manufacturing,D,..,..,..,..,..,..,..,..,..,..
Austria,AUT,Grenada,GRD,Total Trade,GTT,..,..,..,..,..,..,..,..,..,..
Austria,AUT,Guam,GUM,Agriculture,AB,..,..,..,..,..,..,..,..,..,..
Austria,AUT,Guam,GUM,Manufacturing,D,..,..,..,..,..,..,..,..,..,..
Austria,AUT,Guam,GUM,Total Trade,GTT,..,..,..,..,..,..,..,..,..,..
Austria,AUT,Guatemala,GTM,Agriculture,AB,537.9698,549.91546,568.91735,674.76729,780.61724,714.78482,648.9524,583.11998,830.32933,..
Austria,AUT,Guatemala,GTM,Manufacturing,D,313.3758,327.19436,301.18692,288.25353,300.41282,315.0938,322.51539,310.06794,318.28885,..
Austria,AUT,Guatemala,GTM,Total Trade,GTT,309.08357,290.89349,280.16312,292.08348,310.26555,295.64793,305.19047,306.59922,314.37651,..
Austria,AUT,Guinea,GIN,Agriculture,AB,..,..,..,..,..,..,..,..,..,..
Austria,AUT,Guinea,GIN,Manufacturing,D,..,..,..,..,497.51642,..,..,..,..,..
Austria,AUT,Guinea,GIN,Total Trade,GTT,474.95318,490.17964,505.40611,520.63257,535.85903,..,..,..,..,..
Austria,AUT,Guinea-Bissau,GNB,Agriculture,AB,..,..,..,..,..,..,..,..,..,..
Austria,AUT,Guinea-Bissau,GNB,Manufacturing,D,..,..,..,..,..,..,..,..,..,..
Austria,AUT,Guinea-Bissau,GNB,Total Trade,GTT,..,..,..,..,..,..,..,..,..,..
Austria,AUT,Guyana,GUY,Agriculture,AB,..,..,..,..,..,..,..,..,..,..
Austria,AUT,Guyana,GUY,Manufacturing,D,..,..,..,..,..,..,..,..,..,..
Austria,AUT,Guyana,GUY,Total Trade,GTT,551.46259,532.65452,528.05828,523.46204,518.86579,514.26955,515.17246,468.82816,477.80072,486.77327
Austria,AUT,Honduras,HND,Agriculture,AB,..,..,..,..,..,..,..,..,..,..
Austria,AUT,Honduras,HND,Manufacturing,D,502.33941,416.12769,446.3607,315.59546,318.86883,322.14219,328.14609,280.08172,338.17328,..
Austria,AUT,Honduras,HND,Total Trade,GTT,355.83399,426.69826,293.37855,324.3139,328.20532,332.09674,337.19148,288.23353,347.73405,..
Austria,AUT,"Hong Kong SAR, China",HKG,Agriculture,AB,368.97138,368.88034,368.7893,368.69826,368.60722,368.51618,368.42514,368.33411,..,..
Austria,AUT,"Hong Kong SAR, China",HKG,Manufacturing,D,137.43314,144.28171,144.54319,138.4065,133.99422,126.91449,119.83475,..,..,..
Austria,AUT,"Hong Kong SAR, China",HKG,Total Trade,GTT,139.90935,146.31137,146.81878,141.29577,137.0629,132.45014,127.83737,..,..,..
Austria,AUT,Hungary,HUN,Agriculture,AB,69.101212,67.693114,66.97802,64.029735,66.052224,65.898698,64.233915,63.983936,64.818151,66.124557
Austria,AUT,Hungary,HUN,Manufacturing,D,32.350542,..,..,..,..,..,..,..,..,..
Austria,AUT,Hungary,HUN,Total Trade,GTT,37.871784,..,..,..,..,..,..,..,..,..
Austria,AUT,Iceland,ISL,Agriculture,AB,310.98083,305.54549,302.77337,295.65462,305.19585,298.55419,307.30208,311.19451,..,..
Austria,AUT,Iceland,ISL,Manufacturing,D,170.65128,172.15913,152.10305,154.42374,168.00999,190.8926,194.13646,201.52286,..,..
Austria,AUT,Iceland,ISL,Total Trade,GTT,183.78262,186.14023,166.66079,173.20682,181.9269,202.33475,206.31964,210.01303,..,..
Austria,AUT,India,IND,Agriculture,AB,261.43651,350.14505,383.50282,381.75616,394.50696,357.29678,383.72055,369.91976,380.76412,424.03978
Austria,AUT,India,IND,Manufacturing,D,155.65043,137.02545,147.30304,154.23631,141.01419,144.58672,148.15386,145.55477,144.66236,137.19174
Austria,AUT,India,IND,Total Trade,GTT,161.85143,143.44872,153.93027,160.93769,152.73435,155.94257,158.18356,155.73103,154.94017,147.23701
Austria,AUT,Indonesia,IDN,Agriculture,AB,475.4043,533.83224,537.7895,565.79339,471.26254,436.16126,457.42776,438.50515,503.33339,511.90282
Austria,AUT,Indonesia,IDN,Manufacturing,D,206.88662,203.95657,192.27056,197.92549,191.24352,202.32195,210.64191,214.20616,213.08715,210.34336
Austria,AUT,Indonesia,IDN,Total Trade,GTT,213.96397,212.6727,201.00635,206.40288,199.51888,210.57685,219.04077,222.54577,222.23124,219.67198
Austria,AUT,"Iran, Islamic Rep.",IRN,Agriculture,AB,331.50111,339.13721,384.79962,343.30472,301.80982,393.78827,332.39842,271.00858,308.93301,..
Austria,AUT,"Iran, Islamic Rep.",IRN,Manufacturing,D,184.42776,188.0795,197.32051,204.35081,211.38111,206.35749,199.49735,192.63722,173.06065,..
Austria,AUT,"Iran, Islamic Rep.",IRN,Total Trade,GTT,188.11224,190.67641,197.69033,206.20419,214.71804,213.21819,206.84654,200.47489,182.05749,..
Austria,AUT,Iraq,IRQ,Agriculture,AB,798.47799,..,..,..,..,..,..,..,..,..
Austria,AUT,Iraq,IRQ,Manufacturing,D,295.94867,253.06807,201.50034,196.11029,..,..,..,..,..,..
Austria,AUT,Iraq,IRQ,Total Trade,GTT,327.59932,282.6592,220.90697,214.01307,..,..,..,..,..,..
Austria,AUT,Ireland,IRL,Agriculture,AB,254.98009,197.6894,207.61609,204.05963,246.57915,242.351,234.85895,232.07264,262.02237,273.16665
Austria,AUT,Ireland,IRL,Manufacturing,D,118.13384,110.4456,113.69863,101.45284,87.688607,110.6039,136.48313,138.46565,135.41695,131.57298
Austria,AUT,Ireland,IRL,Total Trade,GTT,119.43478,112.61752,116.3505,103.53624,89.716164,112.86446,137.83524,139.79893,137.11489,133.21075
Austria,AUT,Israel,ISR,Agriculture,AB,228.92566,278.80689,271.16455,292.30596,272.78412,284.84402,306.12732,293.8019,282.39863,295.79781
Austria,AUT,Israel,ISR,Manufacturing,D,141.61129,129.28916,119.67132,141.17163,142.37151,140.68751,143.57051,145.98133,145.62856,141.12271
Austria,AUT,Israel,ISR,Total Trade,GTT,143.46986,132.17571,123.26845,143.26693,144.60168,142.79438,145.72405,148.09973,147.79322,143.39048
Austria,AUT,Italy,ITA,Agriculture,AB,80.888238,77.629107,79.430079,77.851353,77.684621,76.454814,76.008346,75.004938,75.126309,75.507486
Austria,AUT,Italy,ITA,Manufacturing,D,63.298134,57.80115,54.99105,57.524947,56.290208,56.320069,57.824876,58.413084,55.671753,52.609238
Austria,AUT,Italy,ITA,Total Trade,GTT,64.209549,58.932483,56.442454,58.790921,57.664978,57.570594,58.932288,59.368091,56.819917,53.92359
Austria,AUT,Jamaica,JAM,Agriculture,AB,..,..,..,..,..,..,..,586.36894,..,..
Austria,AUT,Jamaica,JAM,Manufacturing,D,329.69235,311.00622,326.29535,322.92607,486.24009,409.21403,392.4241,556.04912,481.62145,..
Austria,AUT,Jamaica,JAM,Total Trade,GTT,343.12543,324.07976,340.39367,330.65213,502.36751,376.51802,377.05151,375.35407,503.39348,..
Austria,AUT,Japan,JPN,Agriculture,AB,386.71444,455.21856,399.54887,411.88091,449.36781,497.56741,462.60796,383.37341,401.25818,..
Austria,AUT,Japan,JPN,Manufacturing,D,149.00318,139.72988,132.73055,142.0141,137.37554,136.54026,138.32662,139.15356,133.72413,..
Austria,AUT,Japan,JPN,Total Trade,GTT,150.83009,141.91303,135.07418,144.09735,139.38638,138.45,140.07486,140.87458,135.63889,..
Austria,AUT,Jordan,JOR,Agriculture,AB,382.89009,379.30443,289.76606,360.24414,279.77706,379.83646,360.44509,346.25172,486.37165,364.97453
Austria,AUT,Jordan,JOR,Manufacturing,D,176.69688,180.4536,185.98487,200.7599,228.28466,227.34708,232.42142,242.27119,238.66536,245.10521
Austria,AUT,Jordan,JOR,Total Trade,GTT,180.35794,184.34758,188.5709,203.99115,229.40016,230.67187,236.03337,246.24495,243.85978,249.71105
Austria,AUT,Kazakhstan,KAZ,Agriculture,AB,602.55849,373.2623,319.54535,232.94975,287.72022,278.10751,290.89997,287.46746,268.52771,310.68222
Austria,AUT,Kazakhstan,KAZ,Manufacturing,D,200.63513,168.87888,179.44666,175.75268,151.04186,181.68495,183.94412,229.01756,210.44805,198.55201
Austria,AUT,Kazakhstan,KAZ,Total Trade,GTT,213.64054,181.3674,192.73335,184.3476,156.33791,187.11511,189.58584,232.25217,214.9769,203.90156
Austria,AUT,Kenya,KEN,Agriculture,AB,367.43411,332.47126,354.6945,376.91774,399.14098,421.36422,443.58746,465.8107,488.03394,454.56445
Austria,AUT,Kenya,KEN,Manufacturing,D,322.42232,286.69098,296.73262,306.77427,316.81591,325.56334,334.31077,343.0582,351.80563,324.14366
Austria,AUT,Kenya,KEN,Total Trade,GTT,250.85769,232.13561,247.25694,262.37826,277.49958,285.53076,293.56194,301.59311,309.62429,289.82422
Austria,AUT,Kiribati,KIR,Agriculture,AB,..,..,..,..,..,..,..,..,..,..
Austria,AUT,Kiribati,KIR,Manufacturing,D,..,..,..,..,..,..,..,..,..,..
Austria,AUT,Kiribati,KIR,Total Trade,GTT,..,..,..,..,..,..,..,..,..,..
Austria,AUT,"Korea, DPR",PRK,Agriculture,AB,..,..,..,..,..,..,..,..,..,..
Austria,AUT,"Korea, DPR",PRK,Manufacturing,D,..,..,..,..,..,..,..,..,..,..
Austria,AUT,"Korea, DPR",PRK,Total Trade,GTT,..,..,..,..,..,..,..,..,..,..
Austria,AUT,"Korea, Rep.",KOR,Agriculture,AB,554.72836,567.8244,539.48356,508.40271,487.9134,485.34592,531.9263,378.99866,426.2284,411.77177
Austria,AUT,"Korea, Rep.",KOR,Manufacturing,D,130.50402,120.76062,118.73205,121.61467,129.06993,122.22766,125.70062,127.38233,117.93559,113.72762
Austria,AUT,"Korea, Rep.",KOR,Total Trade,GTT,132.83551,123.3034,121.52618,124.12024,131.5248,124.56549,127.85788,129.40466,120.10349,115.96506
Austria,AUT,Kuwait,KWT,Agriculture,AB,523.622,536.58906,549.55611,562.52316,575.49022,588.45727,601.42432,614.39138,627.35843,..
Austria,AUT,Kuwait,KWT,Manufacturing,D,389.64749,276.81388,233.21632,235.32166,237.427,447.39304,419.26747,404.0415,369.17816,250.40705
Austria,AUT,Kuwait,KWT,Total Trade,GTT,391.17106,279.90747,236.28658,238.20348,240.12037,451.92177,423.13456,407.50059,371.89668,254.39894
Austria,AUT,Kyrgyz Republic,KGZ,Agriculture,AB,726.16072,731.19119,736.22167,741.25214,746.28262,544.30815,669.26603,..,..,..
Austria,AUT,Kyrgyz Republic,KGZ,Manufacturing,D,343.45667,391.62299,312.99068,308.42589,303.8611,378.50016,287.23466,316.46811,226.2927,379.71521
Austria,AUT,Kyrgyz Republic,KGZ,Total Trade,GTT,325.98494,429.64574,346.39609,333.23431,320.07254,398.62348,304.86748,333.07795,239.15579,398.16771
Austria,AUT,Lao PDR,LAO,Agriculture,AB,..,..,..,..,..,..,..,..,..,..
Austria,AUT,Lao PDR,LAO,Manufacturing,D,250.1414,380.08671,210.62047,340.09398,254.7812,306.91912,247.52351,241.29406,201.0357,238.383
Austria,AUT,Lao PDR,LAO,Total Trade,GTT,275.7226,303.44783,235.61568,373.86782,289.91015,339.54586,277.1412,268.57123,226.75869,276.71251
Austria,AUT,Latvia,LVA,Agriculture,AB,249.24462,297.77721,303.58952,313.39658,288.94063,225.09793,194.36746,189.7827,242.76487,225.40175
Austria,AUT,Latvia,LVA,Manufacturing,D,88.91029,97.910997,106.9117,106.45864,94.774016,82.755888,74.173709,..,..,..
Austria,AUT,Latvia,LVA,Total Trade,GTT,101.86417,90.736765,113.31878,110.87987,102.29622,97.022653,92.547668,88.051136,82.389902,..
Austria,AUT,Lebanon,LBN,Agriculture,AB,421.82068,412.72147,409.8857,460.9594,490.30468,379.47386,360.1367,455.52508,492.84849,453.37097
Austria,AUT,Lebanon,LBN,Manufacturing,D,219.44249,213.22418,201.34071,186.82822,196.16357,191.52522,212.78246,216.12673,207.9281,204.36314
Austria,AUT,Lebanon,LBN,Total Trade,GTT,228.46945,222.15212,210.10148,194.87382,203.76211,198.6036,217.70567,219.14085,215.40966,209.73764
Austria,AUT,Lesotho,LSO,Agriculture,AB,..,..,..,..,..,..,..,..,..,..
Austria,AUT,Lesotho,LSO,Manufacturing,D,..,..,..,..,..,..,..,..,..,..
Austria,AUT,Lesotho,LSO,Total Trade,GTT,..,..,541.18596,..,..,..,..,..,..,..
Austria,AUT,Liberia,LBR,Agriculture,AB,..,..,..,..,..,..,..,..,..,..
Austria,AUT,Liberia,LBR,Manufacturing,D,..,..,..,..,..,..,..,..,..,..
Austria,AUT,Liberia,LBR,Total Trade,GTT,300.38928,366.78258,447.47528,384.19737,305.94724,423.38868,365.41063,257.73671,407.63224,348.92945
Austria,AUT,Libya,LBY,Agriculture,AB,..,..,..,..,..,..,..,..,..,..
Austria,AUT,Libya,LBY,Manufacturing,D,..,..,..,..,..,..,..,..,..,..
Austria,AUT,Libya,LBY,Total Trade,GTT,..,..,..,..,..,..,..,..,..,..
Austria,AUT,Lithuania,LTU,Agriculture,AB,256.0656,193.71983,207.10839,172.40583,141.5734,154.76727,140.27838,147.00384,140.9642,145.8927
Austria,AUT,Lithuania,LTU,Manufacturing,D,161.20072,105.74429,94.738161,94.987582,94.775957,94.564331,94.352706,90.933168,53.784782,..
Austria,AUT,Lithuania,LTU,Total Trade,GTT,164.94038,109.68614,101.73305,100.36552,86.981297,73.597075,97.503854,95.123252,79.910911,..
Austria,AUT,Luxembourg,LUX,Agriculture,AB,197.74584,208.57274,219.39964,230.22654,209.82804,207.56602,221.20006,222.79888,256.66036,171.1387
Austria,AUT,Luxembourg,LUX,Manufacturing,D,107.94644,103.66833,94.524766,99.473167,98.118736,90.565425,100.01935,106.2127,100.62403,97.844907
Austria,AUT,Luxembourg,LUX,Total Trade,GTT,109.31915,104.69417,95.502889,101.3961,99.684318,92.787185,101.41565,107.4385,102.22024,99.195345
Austria,AUT,"Macao SAR, China",MAC,Agriculture,AB,..,..,..,..,..,..,..,..,..,..
Austria,AUT,"Macao SAR, China",MAC,Manufacturing,D,217.00775,234.0253,290.38145,251.76702,246.74911,241.7312,..,..,..,..
Austria,AUT,"Macao SAR, China",MAC,Total Trade,GTT,218.4102,236.07038,293.16218,253.92471,248.80687,243.68902,..,..,..,..
Austria,AUT,"Macedonia, FYR",MKD,Agriculture,AB,242.39038,235.1131,229.33034,230.59707,218.42144,197.74372,212.41765,214.22851,220.75007,209.04577
Austria,AUT,"Macedonia, FYR",MKD,Manufacturing,D,127.63564,89.182964,77.813247,48.161916,51.89282,55.623724,59.354628,63.085533,..,..
Austria,AUT,"Macedonia, FYR",MKD,Total Trade,GTT,137.67847,115.267,109.19715,103.70297,103.9023,102.73625,105.5108,107.61297,93.619287,57.852875
Austria,AUT,Madagascar,MDG,Agriculture,AB,..,..,..,..,..,..,..,..,..,1147.2862
Austria,AUT,Madagascar,MDG,Manufacturing,D,252.14551,272.64753,263.75035,275.71177,300.43138,312.76,371.4891,341.84885,349.79174,320.00693
Austria,AUT,Madagascar,MDG,Total Trade,GTT,284.34809,307.1481,297.92715,309.06341,337.83991,352.91683,418.08899,376.08754,387.09963,352.56709
Austria,AUT,Malawi,MWI,Agriculture,AB,..,..,..,..,..,..,..,..,..,..
Austria,AUT,Malawi,MWI,Manufacturing,D,381.45907,438.89903,496.339,553.77897,611.21894,550.1741,429.28584,308.39758,322.19759,..
Austria,AUT,Malawi,MWI,Total Trade,GTT,411.65974,414.35147,495.73982,577.12818,658.51654,595.3198,464.77714,334.23449,348.85102,..
Austria,AUT,Malaysia,MYS,Agriculture,AB,368.83102,414.42864,456.39349,488.74498,602.83313,416.14889,441.63809,427.93415,611.3584,463.20255
Austria,AUT,Malaysia,MYS,Manufacturing,D,139.14668,136.81146,122.15795,137.21185,121.01416,115.38556,117.68866,122.28231,117.3818,105.96687
Austria,AUT,Malaysia,MYS,Total Trade,GTT,151.21883,152.44807,136.62127,148.81266,131.60329,125.48993,127.44119,133.13738,131.21314,122.81621
Austria,AUT,Maldives,MDV,Agriculture,AB,689.60736,677.4337,665.26004,653.08639,640.91273,596.50513,552.09753,507.68993,463.28233,418.87473
Austria,AUT,Maldives,MDV,Manufacturing,D,319.80523,294.88057,438.17134,423.60035,409.02935,394.45836,379.88736,365.31637,350.74537,336.17438
Austria,AUT,Maldives,MDV,Total Trade,GTT,355.07657,327.89703,480.17252,479.41163,478.65073,450.33618,422.02163,393.70708,365.39253,337.07798
Austria,AUT,Mali,MLI,Agriculture,AB,..,..,..,..,..,..,..,..,..,..
Austria,AUT,Mali,MLI,Manufacturing,D,..,..,..,..,..,..,..,..,..,..
Austria,AUT,Mali,MLI,Total Trade,GTT,287.15638,289.40439,291.65239,293.9004,283.57586,273.25133,262.9268,252.60226,242.27773,..
Austria,AUT,Malta,MLT,Agriculture,AB,339.65475,348.41618,357.17761,365.93904,374.70047,383.4619,392.22333,..,..,..
Austria,AUT,Malta,MLT,Manufacturing,D,143.20289,..,..,..,..,..,..,..,..,..
Austria,AUT,Malta,MLT,Total Trade,GTT,150.42225,..,..,..,..,..,..,..,..,..
Austria,AUT,Marshall Islands,MHL,Agriculture,AB,..,..,..,..,..,..,..,..,..,..
Austria,AUT,Marshall Islands,MHL,Manufacturing,D,..,..,..,..,..,..,..,..,..,..
Austria,AUT,Marshall Islands,MHL,Total Trade,GTT,..,..,..,..,..,..,..,..,..,..
Austria,AUT,Mauritania,MRT,Agriculture,AB,..,..,..,..,..,..,..,..,..,..
Austria,AUT,Mauritania,MRT,Manufacturing,D,..,..,..,..,..,..,..,437.2002,411.65175,..
Austria,AUT,Mauritania,MRT,Total Trade,GTT,..,..,..,..,..,..,..,505.9859,501.48847,..
Austria,AUT,Mauritius,MUS,Agriculture,AB,548.29934,882.29907,692.24929,502.1995,598.57363,694.94776,791.32188,803.70587,816.08986,828.47386
Austria,AUT,Mauritius,MUS,Manufacturing,D,183.86,184.36402,177.34968,187.09023,195.30794,187.70698,206.98784,242.08644,226.97893,224.02751
Austria,AUT,Mauritius,MUS,Total Trade,GTT,188.70063,189.17524,183.04103,192.51924,200.48801,192.58376,211.98687,247.76922,232.86842,229.77381
Austria,AUT,Mexico,MEX,Agriculture,AB,456.23269,501.70283,482.38859,468.75019,428.45988,659.63757,527.84009,484.75506,535.13428,..
Austria,AUT,Mexico,MEX,Manufacturing,D,191.2262,180.36629,175.09549,163.11467,157.53832,159.31722,162.36433,158.27436,158.79802,146.5665
Austria,AUT,Mexico,MEX,Total Trade,GTT,195.43488,184.72514,179.38768,167.13084,161.60358,163.42735,166.13656,162.16914,162.87828,151.00386
Austria,AUT,"Micronesia, Fed. Sts.",FSM,Agriculture,AB,..,..,..,..,..,..,..,..,..,..
Austria,AUT,"Micronesia, Fed. Sts.",FSM,Manufacturing,D,..,..,..,..,..,..,..,..,..,..
Austria,AUT,"Micronesia, Fed. Sts.",FSM,Total Trade,GTT,384.70132,387.63524,390.56916,486.66808,582.767,678.86593,774.96485,..,..,..
Austria,AUT,Moldova,MDA,Agriculture,AB,203.34643,181.39981,195.50542,179.40217,166.47883,151.60549,151.65872,143.44435,153.30825,154.42134
Austria,AUT,Moldova,MDA,Manufacturing,D,171.48042,169.61612,165.43949,144.38435,143.27276,143.27809,142.13482,140.02966,128.59893,127.88948
Austria,AUT,Moldova,MDA,Total Trade,GTT,172.22574,166.53488,166.76967,146.51441,144.79452,140.19373,139.12907,136.4955,130.03033,128.59588
Austria,AUT,Monaco,MCO,Agriculture,AB,..,..,..,..,..,..,..,..,..,..
Austria,AUT,Monaco,MCO,Manufacturing,D,..,..,..,..,..,..,..,..,..,..
Austria,AUT,Monaco,MCO,Total Trade,GTT,..,..,..,..,..,..,..,..,..,..
Austria,AUT,Mongolia,MNG,Agriculture,AB,619.13616,626.97666,634.81715,642.65765,650.49814,658.33864,666.17913,622.81102,673.23365,..
Austria,AUT,Mongolia,MNG,Manufacturing,D,223.73253,225.23751,226.7425,228.24749,229.75248,243.25354,211.97795,246.12267,247.63669,231.07446
Austria,AUT,Mongolia,MNG,Total Trade,GTT,245.28248,245.64644,246.01039,246.37434,246.73829,261.01816,229.45545,268.02192,262.76566,244.7001
Austria,AUT,Montenegro,MNE,Agriculture,AB,..,..,..,..,..,..,..,..,..,..
Austria,AUT,Montenegro,MNE,Manufacturing,D,..,..,..,..,..,..,..,..,..,..
Austria,AUT,Montenegro,MNE,Total Trade,GTT,..,..,..,..,..,..,..,..,..,..
Austria,AUT,Montserrat,MNT,Agriculture,AB,273.54564,242.44663,306.60808,265.57897,241.64996,240.69332,221.70761,240.60054,222.84259,257.4629
Austria,AUT,Montserrat,MNT,Manufacturing,D,144.32952,134.08524,136.27434,130.85004,139.50196,148.74515,146.67643,147.07,146.97853,139.45208
Austria,AUT,Montserrat,MNT,Total Trade,GTT,162.33412,149.17748,156.96172,152.95098,158.27673,169.2415,164.80181,166.22162,163.99292,157.38675
Austria,AUT,Morocco,MAR,Agriculture,AB,600.52142,305.57633,283.69156,285.33086,299.8352,279.60327,430.69769,412.39226,391.80788,390.53567
Austria,AUT,Morocco,MAR,Manufacturing,D,160.91544,157.93402,155.20918,154.32417,140.71671,136.51875,134.75167,134.50549,128.2235,124.48885
Austria,AUT,Morocco,MAR,Total Trade,GTT,169.83968,165.99413,163.50324,162.24679,148.86425,143.9881,143.30487,143.03324,137.3348,133.53861
Austria,AUT,Mozambique,MOZ,Agriculture,AB,..,..,..,..,..,..,..,..,..,..
Austria,AUT,Mozambique,MOZ,Manufacturing,D,372.89395,381.64253,390.39111,399.13968,275.67918,395.01532,514.35145,449.09183,299.12797,479.32446
Austria,AUT,Mozambique,MOZ,Total Trade,GTT,400.80721,439.87538,478.94355,472.62263,317.29159,445.34476,573.39793,512.11611,378.67487,561.80803
Austria,AUT,Myanmar,MMR,Agriculture,AB,..,..,..,..,757.85469,722.11689,686.3791,762.17658,837.97406,..
Austria,AUT,Myanmar,MMR,Manufacturing,D,..,271.45346,263.09546,280.35113,283.61199,296.73164,269.80873,289.07944,293.92303,..
Austria,AUT,Myanmar,MMR,Total Trade,GTT,..,282.49369,273.481,289.93686,292.19632,304.07956,277.97876,293.84964,300.99884,248.10287
Austria,AUT,Namibia,NAM,Agriculture,AB,473.47461,441.93805,464.68404,443.90095,452.25016,567.72062,544.5486,501.54376,514.94282,892.58821
Austria,AUT,Namibia,NAM,Manufacturing,D,218.11453,222.94745,227.78038,232.6133,225.73935,218.86539,211.99144,274.58099,323.26393,382.86184
Austria,AUT,Namibia,NAM,Total Trade,GTT,213.10523,187.90431,196.32957,273.61019,231.09012,209.39434,242.5721,291.11261,334.671,378.07038
Austria,AUT,Nauru,NRU,Agriculture,AB,..,..,..,..,..,..,..,..,..,..
Austria,AUT,Nauru,NRU,Manufacturing,D,..,..,..,..,..,..,..,..,..,..
Austria,AUT,Nauru,NRU,Total Trade,GTT,..,..,..,..,..,..,245.54969,..,..,..
Austria,AUT,Nepal,NPL,Agriculture,AB,..,..,800.47622,791.6313,782.78638,773.94145,765.09653,823.8345,..,..
Austria,AUT,Nepal,NPL,Manufacturing,D,290.16205,251.6839,260.78798,265.84434,246.53592,232.65344,269.55153,242.24611,239.33397,..
Austria,AUT,Nepal,NPL,Total Trade,GTT,332.83812,295.25853,306.80129,308.89826,286.37072,270.36633,308.58057,281.35824,278.05163,..
Austria,AUT,Netherlands,NLD,Agriculture,AB,86.455226,69.036006,..,..,..,..,..,..,..,..
Austria,AUT,Netherlands,NLD,Manufacturing,D,..,..,..,..,..,..,..,..,..,..
Austria,AUT,Netherlands,NLD,Total Trade,GTT,..,..,..,..,..,..,..,..,..,..
Austria,AUT,Netherlands Antilles,ANT,Agriculture,AB,..,..,..,..,..,..,..,..,..,..
Austria,AUT,Netherlands Antilles,ANT,Manufacturing,D,..,..,..,..,..,..,..,..,..,..
Austria,AUT,Netherlands Antilles,ANT,Total Trade,GTT,..,..,..,..,..,..,..,..,..,..
Austria,AUT,New Caledonia,NCL,Agriculture,AB,..,..,..,..,..,..,..,..,..,..
Austria,AUT,New Caledonia,NCL,Manufacturing,D,206.15299,414.0213,423.59823,433.17516,454.63975,396.00336,..,..,..,..
Austria,AUT,New Caledonia,NCL,Total Trade,GTT,215.02105,421.72476,431.97804,442.23131,464.32946,404.33124,..,..,..,..
Austria,AUT,New Zealand,NZL,Agriculture,AB,594.25934,567.87253,489.6533,390.93537,594.71816,385.39748,456.60959,522.82975,..,..
Austria,AUT,New Zealand,NZL,Manufacturing,D,182.79241,185.52985,174.38408,187.3321,178.04846,173.93637,183.97751,182.48928,..,..
Austria,AUT,New Zealand,NZL,Total Trade,GTT,192.86057,197.75766,187.76701,197.52108,189.25863,181.46278,189.73609,189.70469,..,..
Austria,AUT,Nicaragua,NIC,Agriculture,AB,407.31121,406.26454,405.21786,404.17119,389.65418,375.13716,381.18769,387.23822,..,..
Austria,AUT,Nicaragua,NIC,Manufacturing,D,554.7563,409.6873,435.23706,310.10686,347.31333,335.08322,334.42654,313.40473,271.32634,296.89844
Austria,AUT,Nicaragua,NIC,Total Trade,GTT,386.61842,379.06908,355.31504,296.01305,327.50182,325.86433,327.19225,291.99336,264.32384,305.36767
Austria,AUT,Niger,NER,Agriculture,AB,..,..,..,..,..,..,..,..,..,..
Austria,AUT,Niger,NER,Manufacturing,D,556.50107,546.26611,536.03116,525.7962,515.56124,..,..,..,..,..
Austria,AUT,Niger,NER,Total Trade,GTT,630.46496,620.4651,610.46524,600.46539,590.46553,..,..,..,..,..
Austria,AUT,Nigeria,NGA,Agriculture,AB,683.2021,665.99297,617.40246,568.81195,685.21249,801.61303,918.01357,1034.4141,1150.8146,802.19116
Austria,AUT,Nigeria,NGA,Manufacturing,D,144.70873,218.42119,185.56767,223.62412,351.54326,165.73318,240.97201,316.21083,391.44966,466.68849
Austria,AUT,Nigeria,NGA,Total Trade,GTT,201.9637,251.79324,212.95431,247.03969,385.08851,182.29788,297.22991,412.16194,527.09397,487.51283
Austria,AUT,Niue,NIU,Agriculture,AB,..,..,..,..,..,..,..,..,..,..
Austria,AUT,Niue,NIU,Manufacturing,D,..,..,..,..,..,..,..,..,..,..
Austria,AUT,Niue,NIU,Total Trade,GTT,..,..,..,..,..,..,..,..,..,..
Austria,AUT,Northern Mariana Islands,MNP,Agriculture,AB,..,..,..,..,..,..,..,..,..,..
Austria,AUT,Northern Mariana Islands,MNP,Manufacturing,D,..,..,..,..,..,..,..,..,..,..
Austria,AUT,Northern Mariana Islands,MNP,Total Trade,GTT,..,..,..,..,..,..,..,..,..,..
Austria,AUT,Norway,NOR,Agriculture,AB,200.95884,205.55315,207.41246,190.99803,188.87142,199.138,205.07031,194.42979,202.00731,192.41889
Austria,AUT,Norway,NOR,Manufacturing,D,117.68601,108.0386,106.56206,108.91796,111.74934,110.00119,114.97456,116.84016,108.84909,103.83919
Austria,AUT,Norway,NOR,Total Trade,GTT,119.51242,110.80501,109.52302,111.08206,113.8514,112.27549,117.18295,119.42058,111.57412,106.58509
Austria,AUT,Oman,OMN,Agriculture,AB,514.79561,505.83427,493.34702,480.85977,468.37251,455.88526,443.39801,430.91076,473.83877,423.77257
Austria,AUT,Oman,OMN,Manufacturing,D,260.18272,240.09147,281.00853,273.57222,253.02595,163.42783,266.53018,264.46048,286.40494,398.61289
Austria,AUT,Oman,OMN,Total Trade,GTT,263.95737,243.63338,285.43741,277.84095,256.92799,166.52574,271.78728,267.6922,278.35816,313.02405
Austria,AUT,Pakistan,PAK,Agriculture,AB,463.93455,550.89239,575.78625,595.9569,564.36611,635.80638,707.24665,573.16156,920.97696,684.30361
Austria,AUT,Pakistan,PAK,Manufacturing,D,186.02429,195.17548,197.29574,204.46804,202.67458,207.39746,204.98254,208.96577,203.82155,196.72508
Austria,AUT,Pakistan,PAK,Total Trade,GTT,203.29527,214.67391,216.85779,222.64394,221.2435,226.00477,223.35635,228.04061,222.78106,215.47474
Austria,AUT,Palau,PLW,Agriculture,AB,..,..,..,..,..,..,..,..,..,..
Austria,AUT,Palau,PLW,Manufacturing,D,534.83427,..,..,..,..,..,..,..,..,..
Austria,AUT,Palau,PLW,Total Trade,GTT,470.75493,..,..,..,..,..,..,..,..,..
Austria,AUT,"Palestine, State of",PSE,Agriculture,AB,..,..,..,..,..,..,..,..,..,..
Austria,AUT,"Palestine, State of",PSE,Manufacturing,D,381.87858,383.18821,348.69781,380.34296,363.25117,371.06916,311.55764,330.50137,..,..
Austria,AUT,"Palestine, State of",PSE,Total Trade,GTT,397.11692,364.43796,359.0719,371.04279,356.33659,337.42027,292.80294,332.35523,..,..
Austria,AUT,Panama,PAN,Agriculture,AB,..,..,..,543.27481,..,..,..,..,..,..
Austria,AUT,Panama,PAN,Manufacturing,D,..,..,..,..,..,..,..,..,..,..
Austria,AUT,Panama,PAN,Total Trade,GTT,296.42117,286.50082,276.58048,266.66014,256.73979,246.81945,236.8991,226.97876,..,..
Austria,AUT,Papua New Guinea,PNG,Agriculture,AB,..,..,..,..,..,..,..,..,..,..
Austria,AUT,Papua New Guinea,PNG,Manufacturing,D,..,..,..,..,..,..,..,..,..,..
Austria,AUT,Papua New Guinea,PNG,Total Trade,GTT,371.54011,361.47653,351.41296,554.13588,..,..,..,..,..,..
Austria,AUT,Paraguay,PRY,Agriculture,AB,416.29972,394.69257,373.08543,351.47828,329.87113,308.26398,286.65683,265.04968,243.44253,261.56248
Austria,AUT,Paraguay,PRY,Manufacturing,D,409.38777,368.15048,331.37252,381.81109,335.72225,308.45208,266.39723,348.87053,255.70017,292.36813
Austria,AUT,Paraguay,PRY,Total Trade,GTT,422.90252,383.28234,342.95175,394.10229,350.2499,322.89725,276.34023,355.25371,253.75233,283.24914
Austria,AUT,Peru,PER,Agriculture,AB,543.06533,421.77053,522.23659,625.85843,443.01139,467.96056,492.90974,514.17743,430.44463,383.5314
Austria,AUT,Peru,PER,Manufacturing,D,257.14396,238.44204,231.6645,237.12949,240.46522,237.27278,237.13384,228.0364,250.75323,238.88654
Austria,AUT,Peru,PER,Total Trade,GTT,263.58964,242.1365,235.56845,244.52307,238.26017,241.26921,241.17309,234.5762,255.6112,244.06567
Austria,AUT,Philippines,PHL,Agriculture,AB,425.53953,405.86212,373.62023,367.36393,283.46118,372.43124,354.67635,343.69212,320.44177,394.38578
Austria,AUT,Philippines,PHL,Manufacturing,D,180.34129,173.04003,174.85667,168.95076,164.90346,166.4303,168.73835,179.13853,170.57953,161.47119
Austria,AUT,Philippines,PHL,Total Trade,GTT,187.86486,179.83039,182.0263,176.26731,170.74588,173.89187,175.71244,185.92359,177.66009,168.66835
Austria,AUT,Poland,POL,Agriculture,AB,131.80989,130.89219,135.6037,136.3945,127.43992,130.77059,125.65332,126.29852,132.79101,117.10762
Austria,AUT,Poland,POL,Manufacturing,D,71.435947,63.188568,58.311105,61.372833,57.304925,57.969669,58.150791,58.68742,54.327616,45.22639
Austria,AUT,Poland,POL,Total Trade,GTT,73.421983,65.94121,61.567332,64.062588,60.356351,60.603806,60.185198,60.957925,57.27933,48.452811
Austria,AUT,Portugal,PRT,Agriculture,AB,233.38449,317.71675,347.75683,335.34416,286.30739,295.70583,240.81988,256.38081,266.97192,243.17109
Austria,AUT,Portugal,PRT,Manufacturing,D,117.47208,112.06324,106.08653,105.86187,105.82948,102.88263,106.83765,107.50699,100.49073,86.615857
Austria,AUT,Portugal,PRT,Total Trade,GTT,119.73699,115.45277,110.12875,109.76798,110.01622,107.10285,110.35743,110.96707,104.12483,90.900764
Austria,AUT,Qatar,QAT,Agriculture,AB,..,..,..,..,..,..,413.46773,..,..,..
Austria,AUT,Qatar,QAT,Manufacturing,D,184.09438,189.60616,195.11794,204.34234,213.56675,190.10669,166.64663,325.36844,551.01002,507.10535
Austria,AUT,Qatar,QAT,Total Trade,GTT,186.96031,192.21352,197.46674,206.50219,215.53764,191.82589,168.11413,327.68384,555.15237,511.06504
Austria,AUT,Romania,ROU,Agriculture,AB,144.15772,135.06865,125.78692,127.88471,124.6507,124.42793,123.40356,118.5249,112.46616,108.65243
Austria,AUT,Romania,ROU,Manufacturing,D,84.794,78.810497,77.20171,73.922165,73.805497,73.073721,71.660894,72.911185,70.780305,66.721489
Austria,AUT,Romania,ROU,Total Trade,GTT,87.809177,82.020966,79.91114,76.473103,76.366929,75.271732,73.723006,74.757186,72.731861,68.897579
Austria,AUT,Russian Federation,RUS,Agriculture,AB,182.20664,185.17531,164.78529,179.16612,176.71783,176.82789,169.41451,172.17714,165.67767,193.33874
Austria,AUT,Russian Federation,RUS,Manufacturing,D,128.81697,127.92547,121.15207,119.627,119.02145,115.24546,128.90569,128.73258,127.87713,122.1713
Austria,AUT,Russian Federation,RUS,Total Trade,GTT,131.33227,130.43883,123.12633,122.38589,121.91278,118.29305,131.42089,131.7065,130.64977,125.24814
Austria,AUT,Rwanda,RWA,Agriculture,AB,..,..,..,..,..,..,..,..,..,..
Austria,AUT,Rwanda,RWA,Manufacturing,D,579.09006,700.27607,617.8677,535.45933,515.22711,494.99488,485.21822,244.87604,..,..
Austria,AUT,Rwanda,RWA,Total Trade,GTT,719.61999,871.93238,763.71521,655.49803,624.8004,594.10278,593.84151,314.16646,..,..
Austria,AUT,Samoa,WSM,Agriculture,AB,..,..,..,..,..,..,..,..,..,..
Austria,AUT,Samoa,WSM,Manufacturing,D,..,..,..,..,..,..,..,..,..,..
Austria,AUT,Samoa,WSM,Total Trade,GTT,..,..,..,..,..,..,..,..,..,..
Austria,AUT,San Marino,SMR,Agriculture,AB,466.73833,432.1444,397.55047,362.95654,328.36261,293.76867,..,..,..,..
Austria,AUT,San Marino,SMR,Manufacturing,D,168.69662,154.50673,158.92919,169.0455,167.5287,167.94676,..,..,..,..
Austria,AUT,San Marino,SMR,Total Trade,GTT,169.9432,156.09108,160.74086,170.73673,169.14275,169.48419,..,..,..,..
Austria,AUT,São Tomé and Principe,STP,Agriculture,AB,..,..,..,..,..,..,..,..,..,..
Austria,AUT,São Tomé and Principe,STP,Manufacturing,D,..,..,..,..,..,..,..,..,344.12553,..
Austria,AUT,São Tomé and Principe,STP,Total Trade,GTT,..,..,..,..,..,..,..,..,365.14248,..
Austria,AUT,Saudi Arabia,SAU,Agriculture,AB,..,..,..,..,..,..,..,..,..,..
Austria,AUT,Saudi Arabia,SAU,Manufacturing,D,165.70768,207.98126,237.62204,214.71502,211.43399,177.44728,205.4561,222.37363,204.86989,227.17973
Austria,AUT,Saudi Arabia,SAU,Total Trade,GTT,171.80276,213.38057,243.68349,219.83691,216.44622,181.73673,209.69878,226.84182,208.98562,231.48686
Austria,AUT,Senegal,SEN,Agriculture,AB,..,..,628.67801,728.89761,829.11721,691.19802,553.27884,525.52683,346.36414,398.89954
Austria,AUT,Senegal,SEN,Manufacturing,D,315.52938,435.30912,376.43417,496.77564,293.39032,330.95598,368.52163,303.34254,277.99752,302.31845
Austria,AUT,Senegal,SEN,Total Trade,GTT,333.0569,458.69741,365.39133,339.20985,309.03635,268.94552,290.34262,269.98034,271.87926,288.57437
Austria,AUT,Seychelles,SYC,Agriculture,AB,..,..,..,..,..,..,..,..,..,622.87001
Austria,AUT,Seychelles,SYC,Manufacturing,D,485.84192,428.11502,402.45894,376.80285,351.14676,325.49067,299.83458,..,..,..
Austria,AUT,Seychelles,SYC,Total Trade,GTT,500.16688,444.99337,431.98086,418.96835,405.95584,392.94333,379.93081,..,..,..
Austria,AUT,Sierra Leone,SLE,Agriculture,AB,..,..,..,..,..,..,..,..,..,..
Austria,AUT,Sierra Leone,SLE,Manufacturing,D,..,..,..,..,..,..,..,..,..,..
Austria,AUT,Sierra Leone,SLE,Total Trade,GTT,..,..,..,..,..,..,..,..,..,..
Austria,AUT,Singapore,SGP,Agriculture,AB,387.4164,392.9392,415.96183,390.03506,360.01827,361.35933,342.72223,394.13929,400.28216,406.42503
Austria,AUT,Singapore,SGP,Manufacturing,D,241.25368,226.65096,217.70786,225.71801,220.2854,223.34459,232.21888,230.70294,225.06637,209.49163
Austria,AUT,Singapore,SGP,Total Trade,GTT,242.75607,228.64742,219.98495,227.7148,222.1847,225.18063,233.86964,232.26927,226.93541,211.31784
Austria,AUT,Slovak Republic,SVK,Agriculture,AB,72.503279,70.550014,73.133972,71.111639,71.645125,77.498337,74.465409,75.760857,76.555247,80.300646
Austria,AUT,Slovak Republic,SVK,Manufacturing,D,..,..,..,..,..,..,..,..,..,..
Austria,AUT,Slovak Republic,SVK,Total Trade,GTT,..,..,..,..,..,..,..,..,..,..
Austria,AUT,Slovenia,SVN,Agriculture,AB,78.738832,70.49629,66.474354,62.684821,59.017286,56.484773,54.111906,51.132508,50.437581,53.317871
Austria,AUT,Slovenia,SVN,Manufacturing,D,44.708156,39.152825,36.34275,38.023957,35.941342,34.694921,36.78908,35.939654,30.764269,2.890344
Austria,AUT,Slovenia,SVN,Total Trade,GTT,47.342363,41.432953,39.107649,40.181522,38.036898,36.816648,38.519453,37.534661,32.904489,21.12002
Austria,AUT,Somalia,SOM,Agriculture,AB,..,..,..,..,..,..,..,..,..,..
Austria,AUT,Somalia,SOM,Manufacturing,D,..,..,..,..,..,..,..,..,..,..
Austria,AUT,Somalia,SOM,Total Trade,GTT,..,..,..,..,..,..,..,..,..,..
Austria,AUT,South Africa,ZAF,Agriculture,AB,342.99206,349.02145,362.44807,331.3728,317.99336,304.2188,300.8366,294.00577,354.67865,291.28814
Austria,AUT,South Africa,ZAF,Manufacturing,D,151.3245,147.56474,141.94262,148.35342,144.63645,142.52821,148.44143,147.14982,151.85643,139.36032
Austria,AUT,South Africa,ZAF,Total Trade,GTT,154.28742,151.00688,145.83508,151.90157,148.00036,145.71891,151.63182,150.39593,155.69001,142.13419
Austria,AUT,Spain,ESP,Agriculture,AB,156.49425,155.60609,147.88218,142.03396,130.8415,132.84769,130.3195,127.33944,134.60509,123.13552
Austria,AUT,Spain,ESP,Manufacturing,D,94.669136,86.423847,82.562827,83.872875,81.409472,79.847494,80.074213,79.320954,77.461213,74.320435
Austria,AUT,Spain,ESP,Total Trade,GTT,95.834585,88.292567,84.594883,85.763776,83.308392,81.631732,81.802707,81.083682,79.410239,76.521097
Austria,AUT,Sri Lanka,LKA,Agriculture,AB,429.19053,492.67943,537.50462,466.17417,598.06827,478.57817,359.08807,393.69974,369.05871,..
Austria,AUT,Sri Lanka,LKA,Manufacturing,D,184.56745,191.05764,176.33064,179.54309,178.9511,195.87011,191.83624,194.02044,192.07872,..
Austria,AUT,Sri Lanka,LKA,Total Trade,GTT,197.49725,200.99711,185.1722,188.88128,188.26382,202.01686,197.51027,198.99152,197.97006,..
Austria,AUT,St. Kitts and Nevis,KNA,Agriculture,AB,..,..,..,..,..,..,..,..,..,..
Austria,AUT,St. Kitts and Nevis,KNA,Manufacturing,D,..,..,..,..,..,..,..,..,..,..
Austria,AUT,St. Kitts and Nevis,KNA,Total Trade,GTT,..,..,..,..,..,..,..,..,..,..
Austria,AUT,St. Lucia,LCA,Agriculture,AB,..,..,..,..,..,..,..,..,..,..
Austria,AUT,St. Lucia,LCA,Manufacturing,D,471.8711,451.5391,431.20711,410.87511,390.54311,370.21111,349.87911,329.54711,309.21511,..
Austria,AUT,St. Lucia,LCA,Total Trade,GTT,492.62719,473.84964,455.07209,436.29454,417.51699,398.73944,379.96189,361.18434,342.40679,..
Austria,AUT,St. Vincent and the Grenadines,VCT,Agriculture,AB,..,..,..,..,..,..,..,..,..,..
Austria,AUT,St. Vincent and the Grenadines,VCT,Manufacturing,D,..,..,..,..,..,..,..,..,..,..
Austria,AUT,St. Vincent and the Grenadines,VCT,Total Trade,GTT,..,..,..,..,..,..,..,..,..,..
Austria,AUT,Sudan,SDN,Agriculture,AB,..,..,..,897.78257,..,..,..,..,..,..
Austria,AUT,Sudan,SDN,Manufacturing,D,770.69259,648.26011,525.82762,403.39514,..,..,..,..,..,..
Austria,AUT,Sudan,SDN,Total Trade,GTT,852.1032,718.99405,585.88489,452.77573,..,..,..,..,..,..
Austria,AUT,Suriname,SUR,Agriculture,AB,..,..,..,..,..,..,..,..,..,..
Austria,AUT,Suriname,SUR,Manufacturing,D,330.01327,373.91963,389.12704,404.33444,419.54185,434.74925,..,..,..,..
Austria,AUT,Suriname,SUR,Total Trade,GTT,342.6471,387.57364,402.72227,417.8709,433.01952,448.16815,..,..,..,..
Austria,AUT,Swaziland,SWZ,Agriculture,AB,..,..,..,..,..,..,..,..,..,..
Austria,AUT,Swaziland,SWZ,Manufacturing,D,..,686.82258,732.436,778.04942,823.66285,370.28506,413.60974,343.48991,382.00546,481.37458
Austria,AUT,Swaziland,SWZ,Total Trade,GTT,..,703.45176,1146.3466,1589.2414,844.43386,379.87835,423.45203,351.91385,391.77339,494.01366
Austria,AUT,Sweden,SWE,Agriculture,AB,195.25206,196.90076,200.14661,193.54262,184.17008,184.90982,185.99818,168.26478,188.74856,160.45749
Austria,AUT,Sweden,SWE,Manufacturing,D,88.750886,82.425517,79.842681,83.375614,82.443268,82.477967,84.310949,85.174081,80.390234,75.977507
Austria,AUT,Sweden,SWE,Total Trade,GTT,90.828931,84.900622,82.591518,85.816172,84.689692,84.645528,86.204506,86.904589,82.498359,78.023195
Austria,AUT,Switzerland,CHE,Agriculture,AB,114.57132,117.31692,105.81749,102.99529,103.04214,102.3777,103.62811,104.93636,107.45132,101.80623
Austria,AUT,Switzerland,CHE,Manufacturing,D,59.640861,53.518178,51.90563,46.04335,40.932979,45.211073,45.732617,44.338244,44.045809,42.753818
Austria,AUT,Switzerland,CHE,Total Trade,GTT,60.608079,54.730652,53.213812,47.348296,42.473071,46.492836,46.872496,45.552703,45.333548,44.128752
Austria,AUT,Syrian Arab Republic,SYR,Agriculture,AB,583.15072,444.02623,..,..,..,..,..,..,..,..
Austria,AUT,Syrian Arab Republic,SYR,Manufacturing,D,259.42869,255.25549,..,..,..,..,..,..,..,..
Austria,AUT,Syrian Arab Republic,SYR,Total Trade,GTT,283.22766,258.60202,..,..,..,..,..,..,..,..
Austria,AUT,Tajikistan,TJK,Agriculture,AB,481.80518,504.39394,526.98271,549.57148,572.16024,594.74901,617.33778,639.92654,662.51531,685.10408
Austria,AUT,Tajikistan,TJK,Manufacturing,D,272.87495,275.95426,258.88249,242.74397,250.88595,239.09618,266.4303,273.5961,279.82114,266.83282
Austria,AUT,Tajikistan,TJK,Total Trade,GTT,287.35794,250.61055,252.74542,269.15479,273.23646,267.86897,293.1365,298.17311,305.6399,291.2331
Austria,AUT,Tanzania,TZA,Agriculture,AB,881.20575,882.16811,883.13047,884.09282,885.05518,886.01753,886.97989,887.94225,888.9046,..
Austria,AUT,Tanzania,TZA,Manufacturing,D,342.40334,297.83475,310.8287,338.14918,308.82486,272.61598,283.92708,315.41708,361.48545,..
Austria,AUT,Tanzania,TZA,Total Trade,GTT,373.02293,330.54,339.88785,359.58645,326.97276,301.0248,318.6806,333.54002,308.64161,..
Austria,AUT,Thailand,THA,Agriculture,AB,333.01312,374.89752,365.87166,358.4138,358.82957,367.20506,309.38657,330.82304,350.01308,377.31279
Austria,AUT,Thailand,THA,Manufacturing,D,155.30025,150.32485,141.82721,141.20695,143.43445,142.79911,145.09072,145.6795,144.91712,141.12638
Austria,AUT,Thailand,THA,Total Trade,GTT,160.9382,156.58867,149.17382,148.34573,150.4583,149.48725,150.57275,151.34523,150.62251,147.14656
Austria,AUT,Timor-Leste,TLS,Agriculture,AB,..,..,..,..,..,..,..,..,..,..
Austria,AUT,Timor-Leste,TLS,Manufacturing,D,..,..,..,..,..,..,..,..,..,..
Austria,AUT,Timor-Leste,TLS,Total Trade,GTT,..,..,..,..,..,..,..,..,..,..
Austria,AUT,Togo,TGO,Agriculture,AB,..,..,..,..,..,..,..,..,..,..
Austria,AUT,Togo,TGO,Manufacturing,D,..,..,..,..,..,..,..,..,..,..
Austria,AUT,Togo,TGO,Total Trade,GTT,..,..,..,..,..,..,..,..,..,..
Austria,AUT,Tonga,TON,Agriculture,AB,..,..,..,..,..,..,..,..,..,..
Austria,AUT,Tonga,TON,Manufacturing,D,..,..,..,..,..,..,..,..,..,..
Austria,AUT,Tonga,TON,Total Trade,GTT,..,..,..,..,..,..,..,..,..,..
Austria,AUT,Trinidad and Tobago,TTO,Agriculture,AB,..,..,..,..,..,..,..,..,..,..
Austria,AUT,Trinidad and Tobago,TTO,Manufacturing,D,373.17224,378.38142,383.59059,388.79976,446.15132,296.29623,532.60864,..,..,..
Austria,AUT,Trinidad and Tobago,TTO,Total Trade,GTT,375.9594,381.5965,387.23361,392.87071,457.58629,300.09511,538.5315,..,..,..
Austria,AUT,Tunisia,TUN,Agriculture,AB,346.19237,310.7642,314.92171,310.21166,298.91354,314.25053,311.60803,332.77749,335.30944,..
Austria,AUT,Tunisia,TUN,Manufacturing,D,168.55614,143.32896,134.36256,137.96379,139.35291,138.56959,137.88572,134.56052,133.37685,..
Austria,AUT,Tunisia,TUN,Total Trade,GTT,174.65543,148.97886,140.88771,144.45185,145.59813,145.17781,145.04204,141.40946,141.158,..
Austria,AUT,Turkey,TUR,Agriculture,AB,218.52304,185.08342,149.20639,159.54806,177.5097,168.88722,151.49321,144.73738,138.36525,149.2966
Austria,AUT,Turkey,TUR,Manufacturing,D,115.19002,108.91874,104.93013,107.63475,107.11197,106.88097,106.31656,107.55399,106.19931,102.32904
Austria,AUT,Turkey,TUR,Total Trade,GTT,120.19938,114.57616,109.35135,112.25251,111.24315,110.60657,109.79277,110.59423,108.99696,105.44134
Austria,AUT,Turkmenistan,TKM,Agriculture,AB,..,..,..,..,..,..,..,..,..,..
Austria,AUT,Turkmenistan,TKM,Manufacturing,D,..,..,..,..,..,..,..,..,..,..
Austria,AUT,Turkmenistan,TKM,Total Trade,GTT,..,..,..,..,..,..,..,..,..,..
Austria,AUT,Tuvalu,TUV,Agriculture,AB,..,..,..,..,..,..,..,..,..,..
Austria,AUT,Tuvalu,TUV,Manufacturing,D,..,..,..,..,..,..,..,..,..,..
Austria,AUT,Tuvalu,TUV,Total Trade,GTT,..,..,..,..,..,..,..,..,..,..
Austria,AUT,Uganda,UGA,Agriculture,AB,547.17028,535.49109,577.69419,619.8973,662.10041,704.30352,746.50663,788.70973,830.91284,434.02431
Austria,AUT,Uganda,UGA,Manufacturing,D,426.55429,448.54948,273.57096,275.93655,290.58861,307.03224,321.51979,345.56362,334.64039,309.25464
Austria,AUT,Uganda,UGA,Total Trade,GTT,419.77346,334.48941,302.48556,304.33298,318.62893,338.0699,343.64064,378.34504,350.00281,333.65497
Austria,AUT,Ukraine,UKR,Agriculture,AB,160.75324,161.18561,152.07323,142.08119,122.57445,124.11085,136.63039,133.46846,125.5577,125.27219
Austria,AUT,Ukraine,UKR,Manufacturing,D,113.60241,108.08785,110.00164,113.69627,98.947534,97.81906,101.28292,101.67661,96.121019,91.657995
Austria,AUT,Ukraine,UKR,Total Trade,GTT,117.58006,112.41281,114.63258,117.2996,105.24801,105.01409,109.77914,108.78597,102.14703,98.924886
Austria,AUT,United Arab Emirates,ARE,Agriculture,AB,517.41505,487.15818,456.9013,426.64443,396.38755,366.13068,288.12584,334.42204,373.28556,360.26323
Austria,AUT,United Arab Emirates,ARE,Manufacturing,D,189.28484,174.86366,160.44248,146.0213,141.84884,140.35348,144.203,155.94691,144.30658,141.47992
Austria,AUT,United Arab Emirates,ARE,Total Trade,GTT,193.65772,178.77375,163.88979,149.00583,144.54432,142.98826,147.11161,158.80827,147.40481,145.01206
Austria,AUT,United Kingdom,GBR,Agriculture,AB,216.36106,210.13433,209.79211,193.89862,189.3963,186.69813,179.29649,171.38453,189.04865,180.42342
Austria,AUT,United Kingdom,GBR,Manufacturing,D,91.655071,83.165484,79.392701,84.696864,81.067468,81.157688,81.700004,81.052862,79.662292,75.498901
Austria,AUT,United Kingdom,GBR,Total Trade,GTT,93.157686,84.891287,81.323475,86.458442,82.851048,82.842553,83.19869,82.475784,81.400459,77.290414
Austria,AUT,United States,USA,Agriculture,AB,246.43594,266.22882,263.86245,244.44617,234.94874,249.66309,257.07039,219.69348,204.58711,..
Austria,AUT,United States,USA,Manufacturing,D,114.81031,111.78808,105.82491,107.23161,104.4893,102.57389,101.03788,103.01887,100.14446,..
Austria,AUT,United States,USA,Total Trade,GTT,116.64773,113.97743,108.18757,109.00088,106.28834,104.32295,102.5862,104.27446,101.3588,..
Austria,AUT,Uruguay,URY,Agriculture,AB,402.44587,399.05881,395.67175,440.399,485.12626,529.85352,574.58078,619.30804,664.0353,383.06797
Austria,AUT,Uruguay,URY,Manufacturing,D,353.42186,408.11311,378.07972,334.63598,354.95591,278.75432,309.39465,333.20012,257.96656,321.76875
Austria,AUT,Uruguay,URY,Total Trade,GTT,365.51669,421.68778,303.66747,333.6867,367.59418,287.90031,319.01722,343.30171,264.65875,300.70638
Austria,AUT,Uzbekistan,UZB,Agriculture,AB,242.82752,332.46176,319.01438,245.97576,319.40905,215.77123,239.61312,256.00106,296.23131,267.71468
Austria,AUT,Uzbekistan,UZB,Manufacturing,D,203.24481,214.05425,256.83949,237.90149,244.65225,254.59832,245.78448,268.79939,290.08533,208.12708
Austria,AUT,Uzbekistan,UZB,Total Trade,GTT,215.62471,222.24717,227.18475,236.15546,240.18253,231.35901,240.86692,263.55007,293.64939,223.35825
Austria,AUT,Vanuatu,VUT,Agriculture,AB,..,..,..,..,..,..,..,..,..,..
Austria,AUT,Vanuatu,VUT,Manufacturing,D,..,..,..,..,..,..,..,..,..,..
Austria,AUT,Vanuatu,VUT,Total Trade,GTT,..,..,..,..,..,..,..,..,..,..
Austria,AUT,"Venezuela, RB",VEN,Agriculture,AB,..,..,..,..,..,..,..,..,..,..
Austria,AUT,"Venezuela, RB",VEN,Manufacturing,D,311.52016,355.96839,284.60439,..,..,..,..,..,..,..
Austria,AUT,"Venezuela, RB",VEN,Total Trade,GTT,321.64436,367.80318,293.6348,..,..,..,..,..,..,..
Austria,AUT,Vietnam,VNM,Agriculture,AB,391.90987,500.58261,463.31102,349.8556,326.15902,533.91814,497.23969,688.20799,507.79138,488.25903
Austria,AUT,Vietnam,VNM,Manufacturing,D,143.33455,..,..,..,..,..,..,..,..,..
Austria,AUT,Vietnam,VNM,Total Trade,GTT,158.91189,133.7703,111.49633,98.588122,76.546356,..,..,..,..,..
Austria,AUT,"Virgin Islands, British",VGB,Agriculture,AB,..,..,..,..,..,..,..,..,..,..
Austria,AUT,"Virgin Islands, British",VGB,Manufacturing,D,..,..,..,..,..,..,..,..,..,..
Austria,AUT,"Virgin Islands, British",VGB,Total Trade,GTT,..,..,..,..,..,..,..,..,..,..
Austria,AUT,"Yemen, Rep.",YEM,Agriculture,AB,..,..,541.96234,..,..,..,..,..,..,..
Austria,AUT,"Yemen, Rep.",YEM,Manufacturing,D,467.62235,477.53155,402.72735,327.92314,253.11893,..,..,..,..,..
Austria,AUT,"Yemen, Rep.",YEM,Total Trade,GTT,490.73733,500.04559,306.84144,288.65855,270.47565,458.93765,..,..,..,..
Austria,AUT,Zambia,ZMB,Agriculture,AB,857.22285,..,..,..,..,..,..,..,..,..
Austria,AUT,Zambia,ZMB,Manufacturing,D,345.2805,..,..,..,..,..,..,..,..,..
Austria,AUT,Zambia,ZMB,Total Trade,GTT,383.8094,420.48579,381.66303,439.02028,421.03594,403.0516,385.06727,367.08293,274.35058,..
Austria,AUT,Zimbabwe,ZWE,Agriculture,AB,..,..,..,..,..,..,..,..,..,..
Austria,AUT,Zimbabwe,ZWE,Manufacturing,D,484.5714,500.63694,413.6429,555.74749,554.26401,522.97481,491.68561,449.6648,407.64399,501.17307
Austria,AUT,Zimbabwe,ZWE,Total Trade,GTT,500.9342,524.78147,430.11665,568.84575,566.88703,536.27066,505.65428,465.00454,424.35481,533.12318
,,,,,,,,,,,,,,,
,,,,,,,,,,,,,,,
,,,,,,,,,,,,,,,
Data from database: ESCAP World Bank: International Trade Costs,,,,,,,,,,,,,,,
Last Updated: 07/12/2017,,,,,,,,,,,,,,,
